Lower Tier Local Authorities Code,Lower Tier Local Authorities,Schoolchild or full-time student indicator (3 categories) Code,Schoolchild or full-time student indicator (3 categories),Observation
E06000001,Hartlepool,-8,Does not apply,4982
E06000001,Hartlepool,1,Student,17188
E06000001,Hartlepool,2,Not a student,70168
E06000002,Middlesbrough,-8,Does not apply,8928
E06000002,Middlesbrough,1,Student,32585
E06000002,Middlesbrough,2,Not a student,102411
E06000003,Redcar and Cleveland,-8,Does not apply,6814
E06000003,Redcar and Cleveland,1,Student,23369
E06000003,Redcar and Cleveland,2,Not a student,106348
E06000004,Stockton-on-Tees,-8,Does not apply,10733
E06000004,Stockton-on-Tees,1,Student,37316
E06000004,Stockton-on-Tees,2,Not a student,148546
E06000005,Darlington,-8,Does not apply,5496
E06000005,Darlington,1,Student,18813
E06000005,Darlington,2,Not a student,83492
E06000006,Halton,-8,Does not apply,6954
E06000006,Halton,1,Student,23160
E06000006,Halton,2,Not a student,98364
E06000007,Warrington,-8,Does not apply,10631
E06000007,Warrington,1,Student,36792
E06000007,Warrington,2,Not a student,163551
E06000008,Blackburn with Darwen,-8,Does not apply,10056
E06000008,Blackburn with Darwen,1,Student,35290
E06000008,Blackburn with Darwen,2,Not a student,109392
E06000009,Blackpool,-8,Does not apply,7360
E06000009,Blackpool,1,Student,23578
E06000009,Blackpool,2,Not a student,110098
E06000010,Kingston upon Hull,-8,Does not apply,15954
E06000010,Kingston upon Hull,1,Student,54703
E06000010,Kingston upon Hull,2,Not a student,196357
E06000011,East Riding of Yorkshire,-8,Does not apply,14687
E06000011,East Riding of Yorkshire,1,Student,52526
E06000011,East Riding of Yorkshire,2,Not a student,275002
E06000012,North East Lincolnshire,-8,Does not apply,8455
E06000012,North East Lincolnshire,1,Student,27708
E06000012,North East Lincolnshire,2,Not a student,120803
E06000013,North Lincolnshire,-8,Does not apply,8445
E06000013,North Lincolnshire,1,Student,28707
E06000013,North Lincolnshire,2,Not a student,132528
E06000014,York,-8,Does not apply,8615
E06000014,York,1,Student,48779
E06000014,York,2,Not a student,145427
E06000015,Derby,-8,Does not apply,15220
E06000015,Derby,1,Student,55701
E06000015,Derby,2,Not a student,190443
E06000016,Leicester,-8,Does not apply,22302
E06000016,Leicester,1,Student,98628
E06000016,Leicester,2,Not a student,247644
E06000017,Rutland,-8,Does not apply,1642
E06000017,Rutland,1,Student,7103
E06000017,Rutland,2,Not a student,32303
E06000018,Nottingham,-8,Does not apply,17819
E06000018,Nottingham,1,Student,102350
E06000018,Nottingham,2,Not a student,203463
E06000019,Herefordshire,-8,Does not apply,8429
E06000019,Herefordshire,1,Student,28366
E06000019,Herefordshire,2,Not a student,150239
E06000020,Telford and Wrekin,-8,Does not apply,10562
E06000020,Telford and Wrekin,1,Student,35893
E06000020,Telford and Wrekin,2,Not a student,139083
E06000021,Stoke-on-Trent,-8,Does not apply,15625
E06000021,Stoke-on-Trent,1,Student,52769
E06000021,Stoke-on-Trent,2,Not a student,189975
E06000022,Bath and North East Somerset,-8,Does not apply,9019
E06000022,Bath and North East Somerset,1,Student,46409
E06000022,Bath and North East Somerset,2,Not a student,137980
E06000023,Bristol,-8,Does not apply,25942
E06000023,Bristol,1,Student,108835
E06000023,Bristol,2,Not a student,337688
E06000024,North Somerset,-8,Does not apply,10662
E06000024,North Somerset,1,Student,36480
E06000024,North Somerset,2,Not a student,169588
E06000025,South Gloucestershire,-8,Does not apply,16119
E06000025,South Gloucestershire,1,Student,53414
E06000025,South Gloucestershire,2,Not a student,220892
E06000026,Plymouth,-8,Does not apply,13205
E06000026,Plymouth,1,Student,54709
E06000026,Plymouth,2,Not a student,196781
E06000027,Torbay,-8,Does not apply,6059
E06000027,Torbay,1,Student,21501
E06000027,Torbay,2,Not a student,111763
E06000030,Swindon,-8,Does not apply,13626
E06000030,Swindon,1,Student,42162
E06000030,Swindon,2,Not a student,177622
E06000031,Peterborough,-8,Does not apply,14163
E06000031,Peterborough,1,Student,43896
E06000031,Peterborough,2,Not a student,157614
E06000032,Luton,-8,Does not apply,15960
E06000032,Luton,1,Student,54560
E06000032,Luton,2,Not a student,154742
E06000033,Southend-on-Sea,-8,Does not apply,10242
E06000033,Southend-on-Sea,1,Student,31766
E06000033,Southend-on-Sea,2,Not a student,138678
E06000034,Thurrock,-8,Does not apply,12261
E06000034,Thurrock,1,Student,36524
E06000034,Thurrock,2,Not a student,127215
E06000035,Medway,-8,Does not apply,17308
E06000035,Medway,1,Student,53997
E06000035,Medway,2,Not a student,208468
E06000036,Bracknell Forest,-8,Does not apply,7119
E06000036,Bracknell Forest,1,Student,22882
E06000036,Bracknell Forest,2,Not a student,94608
E06000037,West Berkshire,-8,Does not apply,8310
E06000037,West Berkshire,1,Student,28953
E06000037,West Berkshire,2,Not a student,124185
E06000038,Reading,-8,Does not apply,10238
E06000038,Reading,1,Student,38606
E06000038,Reading,2,Not a student,125380
E06000039,Slough,-8,Does not apply,11772
E06000039,Slough,1,Student,37786
E06000039,Slough,2,Not a student,108942
E06000040,Windsor and Maidenhead,-8,Does not apply,8021
E06000040,Windsor and Maidenhead,1,Student,29133
E06000040,Windsor and Maidenhead,2,Not a student,116343
E06000041,Wokingham,-8,Does not apply,9852
E06000041,Wokingham,1,Student,35915
E06000041,Wokingham,2,Not a student,131735
E06000042,Milton Keynes,-8,Does not apply,17733
E06000042,Milton Keynes,1,Student,59908
E06000042,Milton Keynes,2,Not a student,209419
E06000043,Brighton and Hove,-8,Does not apply,11751
E06000043,Brighton and Hove,1,Student,62694
E06000043,Brighton and Hove,2,Not a student,202658
E06000044,Portsmouth,-8,Does not apply,11280
E06000044,Portsmouth,1,Student,49106
E06000044,Portsmouth,2,Not a student,147617
E06000045,Southampton,-8,Does not apply,13796
E06000045,Southampton,1,Student,60197
E06000045,Southampton,2,Not a student,174929
E06000046,Isle of Wight,-8,Does not apply,5552
E06000046,Isle of Wight,1,Student,20119
E06000046,Isle of Wight,2,Not a student,114788
E06000047,County Durham,-8,Does not apply,24752
E06000047,County Durham,1,Student,98781
E06000047,County Durham,2,Not a student,398535
E06000049,Cheshire East,-8,Does not apply,19930
E06000049,Cheshire East,1,Student,65235
E06000049,Cheshire East,2,Not a student,313607
E06000050,Cheshire West and Chester,-8,Does not apply,17618
E06000050,Cheshire West and Chester,1,Student,62738
E06000050,Cheshire West and Chester,2,Not a student,276794
E06000051,Shropshire,-8,Does not apply,14422
E06000051,Shropshire,1,Student,49975
E06000051,Shropshire,2,Not a student,259209
E06000052,Cornwall,-8,Does not apply,25532
E06000052,Cornwall,1,Student,94591
E06000052,Cornwall,2,Not a student,450182
E06000053,Isles of Scilly,-8,Does not apply,96
E06000053,Isles of Scilly,1,Student,259
E06000053,Isles of Scilly,2,Not a student,1699
E06000054,Wiltshire,-8,Does not apply,25629
E06000054,Wiltshire,1,Student,84967
E06000054,Wiltshire,2,Not a student,399738
E06000055,Bedford,-8,Does not apply,11163
E06000055,Bedford,1,Student,35138
E06000055,Bedford,2,Not a student,138924
E06000056,Central Bedfordshire,-8,Does not apply,17805
E06000056,Central Bedfordshire,1,Student,51892
E06000056,Central Bedfordshire,2,Not a student,224555
E06000057,Northumberland,-8,Does not apply,14235
E06000057,Northumberland,1,Student,48826
E06000057,Northumberland,2,Not a student,257506
E06000058,"Bournemouth, Christchurch and Poole",-8,Does not apply,18878
E06000058,"Bournemouth, Christchurch and Poole",1,Student,75143
E06000058,"Bournemouth, Christchurch and Poole",2,Not a student,306175
E06000059,Dorset,-8,Does not apply,15024
E06000059,Dorset,1,Student,56110
E06000059,Dorset,2,Not a student,308445
E06000060,Buckinghamshire,-8,Does not apply,30888
E06000060,Buckinghamshire,1,Student,104524
E06000060,Buckinghamshire,2,Not a student,417666
E06000061,North Northamptonshire,-8,Does not apply,20206
E06000061,North Northamptonshire,1,Student,64856
E06000061,North Northamptonshire,2,Not a student,274465
E06000062,West Northamptonshire,-8,Does not apply,23965
E06000062,West Northamptonshire,1,Student,81263
E06000062,West Northamptonshire,2,Not a student,320497
E07000008,Cambridge,-8,Does not apply,6347
E07000008,Cambridge,1,Student,46205
E07000008,Cambridge,2,Not a student,93122
E07000009,East Cambridgeshire,-8,Does not apply,4519
E07000009,East Cambridgeshire,1,Student,14966
E07000009,East Cambridgeshire,2,Not a student,68277
E07000010,Fenland,-8,Does not apply,5169
E07000010,Fenland,1,Student,15783
E07000010,Fenland,2,Not a student,81507
E07000011,Huntingdonshire,-8,Does not apply,9660
E07000011,Huntingdonshire,1,Student,29428
E07000011,Huntingdonshire,2,Not a student,141744
E07000012,South Cambridgeshire,-8,Does not apply,8772
E07000012,South Cambridgeshire,1,Student,30094
E07000012,South Cambridgeshire,2,Not a student,123253
E07000026,Allerdale,-8,Does not apply,4341
E07000026,Allerdale,1,Student,14409
E07000026,Allerdale,2,Not a student,77404
E07000027,Barrow-in-Furness,-8,Does not apply,3486
E07000027,Barrow-in-Furness,1,Student,10275
E07000027,Barrow-in-Furness,2,Not a student,53646
E07000028,Carlisle,-8,Does not apply,5377
E07000028,Carlisle,1,Student,18030
E07000028,Carlisle,2,Not a student,86617
E07000029,Copeland,-8,Does not apply,3131
E07000029,Copeland,1,Student,10037
E07000029,Copeland,2,Not a student,53908
E07000030,Eden,-8,Does not apply,2150
E07000030,Eden,1,Student,7743
E07000030,Eden,2,Not a student,44840
E07000031,South Lakeland,-8,Does not apply,3917
E07000031,South Lakeland,1,Student,14814
E07000031,South Lakeland,2,Not a student,85719
E07000032,Amber Valley,-8,Does not apply,6073
E07000032,Amber Valley,1,Student,19518
E07000032,Amber Valley,2,Not a student,100615
E07000033,Bolsover,-8,Does not apply,4102
E07000033,Bolsover,1,Student,12677
E07000033,Bolsover,2,Not a student,63494
E07000034,Chesterfield,-8,Does not apply,5080
E07000034,Chesterfield,1,Student,16294
E07000034,Chesterfield,2,Not a student,82195
E07000035,Derbyshire Dales,-8,Does not apply,2636
E07000035,Derbyshire Dales,1,Student,10421
E07000035,Derbyshire Dales,2,Not a student,58483
E07000036,Erewash,-8,Does not apply,5493
E07000036,Erewash,1,Student,18052
E07000036,Erewash,2,Not a student,89361
E07000037,High Peak,-8,Does not apply,4329
E07000037,High Peak,1,Student,14464
E07000037,High Peak,2,Not a student,72140
E07000038,North East Derbyshire,-8,Does not apply,4839
E07000038,North East Derbyshire,1,Student,15461
E07000038,North East Derbyshire,2,Not a student,81701
E07000039,South Derbyshire,-8,Does not apply,5762
E07000039,South Derbyshire,1,Student,18748
E07000039,South Derbyshire,2,Not a student,82698
E07000040,East Devon,-8,Does not apply,6491
E07000040,East Devon,1,Student,21957
E07000040,East Devon,2,Not a student,122380
E07000041,Exeter,-8,Does not apply,5884
E07000041,Exeter,1,Student,35774
E07000041,Exeter,2,Not a student,89049
E07000042,Mid Devon,-8,Does not apply,4022
E07000042,Mid Devon,1,Student,13656
E07000042,Mid Devon,2,Not a student,65174
E07000043,North Devon,-8,Does not apply,4512
E07000043,North Devon,1,Student,15381
E07000043,North Devon,2,Not a student,78718
E07000044,South Hams,-8,Does not apply,3529
E07000044,South Hams,1,Student,13407
E07000044,South Hams,2,Not a student,71691
E07000045,Teignbridge,-8,Does not apply,5906
E07000045,Teignbridge,1,Student,20107
E07000045,Teignbridge,2,Not a student,108790
E07000046,Torridge,-8,Does not apply,2803
E07000046,Torridge,1,Student,9868
E07000046,Torridge,2,Not a student,55443
E07000047,West Devon,-8,Does not apply,2196
E07000047,West Devon,1,Student,8556
E07000047,West Devon,2,Not a student,46344
E07000061,Eastbourne,-8,Does not apply,4717
E07000061,Eastbourne,1,Student,17430
E07000061,Eastbourne,2,Not a student,79538
E07000062,Hastings,-8,Does not apply,4821
E07000062,Hastings,1,Student,15245
E07000062,Hastings,2,Not a student,70929
E07000063,Lewes,-8,Does not apply,4541
E07000063,Lewes,1,Student,16250
E07000063,Lewes,2,Not a student,79114
E07000064,Rother,-8,Does not apply,3732
E07000064,Rother,1,Student,13112
E07000064,Rother,2,Not a student,76266
E07000065,Wealden,-8,Does not apply,7181
E07000065,Wealden,1,Student,25297
E07000065,Wealden,2,Not a student,127673
E07000066,Basildon,-8,Does not apply,12196
E07000066,Basildon,1,Student,34264
E07000066,Basildon,2,Not a student,141112
E07000067,Braintree,-8,Does not apply,8453
E07000067,Braintree,1,Student,25971
E07000067,Braintree,2,Not a student,120844
E07000068,Brentwood,-8,Does not apply,4280
E07000068,Brentwood,1,Student,12909
E07000068,Brentwood,2,Not a student,59858
E07000069,Castle Point,-8,Does not apply,4313
E07000069,Castle Point,1,Student,14016
E07000069,Castle Point,2,Not a student,71258
E07000070,Chelmsford,-8,Does not apply,9881
E07000070,Chelmsford,1,Student,32304
E07000070,Chelmsford,2,Not a student,139338
E07000071,Colchester,-8,Does not apply,10833
E07000071,Colchester,1,Student,40421
E07000071,Colchester,2,Not a student,141464
E07000072,Epping Forest,-8,Does not apply,7921
E07000072,Epping Forest,1,Student,23184
E07000072,Epping Forest,2,Not a student,103873
E07000073,Harlow,-8,Does not apply,6251
E07000073,Harlow,1,Student,18051
E07000073,Harlow,2,Not a student,69025
E07000074,Maldon,-8,Does not apply,3042
E07000074,Maldon,1,Student,10036
E07000074,Maldon,2,Not a student,53130
E07000075,Rochford,-8,Does not apply,4258
E07000075,Rochford,1,Student,13854
E07000075,Rochford,2,Not a student,67547
E07000076,Tendring,-8,Does not apply,6690
E07000076,Tendring,1,Student,21516
E07000076,Tendring,2,Not a student,120086
E07000077,Uttlesford,-8,Does not apply,5026
E07000077,Uttlesford,1,Student,16457
E07000077,Uttlesford,2,Not a student,69858
E07000078,Cheltenham,-8,Does not apply,5857
E07000078,Cheltenham,1,Student,22051
E07000078,Cheltenham,2,Not a student,90928
E07000079,Cotswold,-8,Does not apply,4015
E07000079,Cotswold,1,Student,14183
E07000079,Cotswold,2,Not a student,72634
E07000080,Forest of Dean,-8,Does not apply,3977
E07000080,Forest of Dean,1,Student,13893
E07000080,Forest of Dean,2,Not a student,69134
E07000081,Gloucester,-8,Does not apply,7459
E07000081,Gloucester,1,Student,25155
E07000081,Gloucester,2,Not a student,99802
E07000082,Stroud,-8,Does not apply,5643
E07000082,Stroud,1,Student,19807
E07000082,Stroud,2,Not a student,95654
E07000083,Tewkesbury,-8,Does not apply,5314
E07000083,Tewkesbury,1,Student,15604
E07000083,Tewkesbury,2,Not a student,73966
E07000084,Basingstoke and Deane,-8,Does not apply,10555
E07000084,Basingstoke and Deane,1,Student,31458
E07000084,Basingstoke and Deane,2,Not a student,143141
E07000085,East Hampshire,-8,Does not apply,6007
E07000085,East Hampshire,1,Student,21017
E07000085,East Hampshire,2,Not a student,98718
E07000086,Eastleigh,-8,Does not apply,7591
E07000086,Eastleigh,1,Student,23707
E07000086,Eastleigh,2,Not a student,105145
E07000087,Fareham,-8,Does not apply,5158
E07000087,Fareham,1,Student,17946
E07000087,Fareham,2,Not a student,91409
E07000088,Gosport,-8,Does not apply,4241
E07000088,Gosport,1,Student,13594
E07000088,Gosport,2,Not a student,64117
E07000089,Hart,-8,Does not apply,5159
E07000089,Hart,1,Student,17900
E07000089,Hart,2,Not a student,76350
E07000090,Havant,-8,Does not apply,6126
E07000090,Havant,1,Student,19713
E07000090,Havant,2,Not a student,98369
E07000091,New Forest,-8,Does not apply,7235
E07000091,New Forest,1,Student,25763
E07000091,New Forest,2,Not a student,142787
E07000092,Rushmoor,-8,Does not apply,6196
E07000092,Rushmoor,1,Student,16651
E07000092,Rushmoor,2,Not a student,76911
E07000093,Test Valley,-8,Does not apply,6940
E07000093,Test Valley,1,Student,21480
E07000093,Test Valley,2,Not a student,102072
E07000094,Winchester,-8,Does not apply,6043
E07000094,Winchester,1,Student,26971
E07000094,Winchester,2,Not a student,94430
E07000095,Broxbourne,-8,Does not apply,5945
E07000095,Broxbourne,1,Student,18104
E07000095,Broxbourne,2,Not a student,74958
E07000096,Dacorum,-8,Does not apply,9581
E07000096,Dacorum,1,Student,28188
E07000096,Dacorum,2,Not a student,117312
E07000098,Hertsmere,-8,Does not apply,6297
E07000098,Hertsmere,1,Student,21418
E07000098,Hertsmere,2,Not a student,80112
E07000099,North Hertfordshire,-8,Does not apply,7469
E07000099,North Hertfordshire,1,Student,23200
E07000099,North Hertfordshire,2,Not a student,102539
E07000102,Three Rivers,-8,Does not apply,5120
E07000102,Three Rivers,1,Student,18172
E07000102,Three Rivers,2,Not a student,70479
E07000103,Watford,-8,Does not apply,6528
E07000103,Watford,1,Student,20305
E07000103,Watford,2,Not a student,75413
E07000105,Ashford,-8,Does not apply,7608
E07000105,Ashford,1,Student,23902
E07000105,Ashford,2,Not a student,101237
E07000106,Canterbury,-8,Does not apply,6823
E07000106,Canterbury,1,Student,38832
E07000106,Canterbury,2,Not a student,111774
E07000107,Dartford,-8,Does not apply,8282
E07000107,Dartford,1,Student,22916
E07000107,Dartford,2,Not a student,85558
E07000108,Dover,-8,Does not apply,5669
E07000108,Dover,1,Student,19171
E07000108,Dover,2,Not a student,91570
E07000109,Gravesham,-8,Does not apply,6600
E07000109,Gravesham,1,Student,20610
E07000109,Gravesham,2,Not a student,79690
E07000110,Maidstone,-8,Does not apply,10390
E07000110,Maidstone,1,Student,30146
E07000110,Maidstone,2,Not a student,135246
E07000111,Sevenoaks,-8,Does not apply,6724
E07000111,Sevenoaks,1,Student,21976
E07000111,Sevenoaks,2,Not a student,91814
E07000112,Folkestone and Hythe,-8,Does not apply,5112
E07000112,Folkestone and Hythe,1,Student,17229
E07000112,Folkestone and Hythe,2,Not a student,87417
E07000113,Swale,-8,Does not apply,8896
E07000113,Swale,1,Student,26480
E07000113,Swale,2,Not a student,116301
E07000114,Thanet,-8,Does not apply,7334
E07000114,Thanet,1,Student,23442
E07000114,Thanet,2,Not a student,109811
E07000115,Tonbridge and Malling,-8,Does not apply,7681
E07000115,Tonbridge and Malling,1,Student,24429
E07000115,Tonbridge and Malling,2,Not a student,100091
E07000116,Tunbridge Wells,-8,Does not apply,6167
E07000116,Tunbridge Wells,1,Student,21649
E07000116,Tunbridge Wells,2,Not a student,87495
E07000117,Burnley,-8,Does not apply,5760
E07000117,Burnley,1,Student,18368
E07000117,Burnley,2,Not a student,70518
E07000118,Chorley,-8,Does not apply,6062
E07000118,Chorley,1,Student,19887
E07000118,Chorley,2,Not a student,91783
E07000119,Fylde,-8,Does not apply,3313
E07000119,Fylde,1,Student,11965
E07000119,Fylde,2,Not a student,66096
E07000120,Hyndburn,-8,Does not apply,4926
E07000120,Hyndburn,1,Student,15851
E07000120,Hyndburn,2,Not a student,61457
E07000121,Lancaster,-8,Does not apply,6741
E07000121,Lancaster,1,Student,33065
E07000121,Lancaster,2,Not a student,103128
E07000122,Pendle,-8,Does not apply,5952
E07000122,Pendle,1,Student,19632
E07000122,Pendle,2,Not a student,70173
E07000123,Preston,-8,Does not apply,8921
E07000123,Preston,1,Student,34784
E07000123,Preston,2,Not a student,104130
E07000124,Ribble Valley,-8,Does not apply,2633
E07000124,Ribble Valley,1,Student,10015
E07000124,Ribble Valley,2,Not a student,48913
E07000125,Rossendale,-8,Does not apply,3780
E07000125,Rossendale,1,Student,12900
E07000125,Rossendale,2,Not a student,54191
E07000126,South Ribble,-8,Does not apply,5501
E07000126,South Ribble,1,Student,18527
E07000126,South Ribble,2,Not a student,87007
E07000127,West Lancashire,-8,Does not apply,5246
E07000127,West Lancashire,1,Student,24485
E07000127,West Lancashire,2,Not a student,87698
E07000128,Wyre,-8,Does not apply,4890
E07000128,Wyre,1,Student,17512
E07000128,Wyre,2,Not a student,89546
E07000129,Blaby,-8,Does not apply,5708
E07000129,Blaby,1,Student,17722
E07000129,Blaby,2,Not a student,79496
E07000130,Charnwood,-8,Does not apply,9173
E07000130,Charnwood,1,Student,42658
E07000130,Charnwood,2,Not a student,132140
E07000131,Harborough,-8,Does not apply,4719
E07000131,Harborough,1,Student,16742
E07000131,Harborough,2,Not a student,76164
E07000132,Hinckley and Bosworth,-8,Does not apply,5686
E07000132,Hinckley and Bosworth,1,Student,18235
E07000132,Hinckley and Bosworth,2,Not a student,89719
E07000133,Melton,-8,Does not apply,2418
E07000133,Melton,1,Student,8315
E07000133,Melton,2,Not a student,41019
E07000134,North West Leicestershire,-8,Does not apply,5454
E07000134,North West Leicestershire,1,Student,17806
E07000134,North West Leicestershire,2,Not a student,81445
E07000135,Oadby and Wigston,-8,Does not apply,2863
E07000135,Oadby and Wigston,1,Student,11800
E07000135,Oadby and Wigston,2,Not a student,43084
E07000136,Boston,-8,Does not apply,3646
E07000136,Boston,1,Student,11993
E07000136,Boston,2,Not a student,54865
E07000137,East Lindsey,-8,Does not apply,5635
E07000137,East Lindsey,1,Student,19744
E07000137,East Lindsey,2,Not a student,116917
E07000138,Lincoln,-8,Does not apply,5119
E07000138,Lincoln,1,Student,27544
E07000138,Lincoln,2,Not a student,71150
E07000139,North Kesteven,-8,Does not apply,5531
E07000139,North Kesteven,1,Student,19114
E07000139,North Kesteven,2,Not a student,93430
E07000140,South Holland,-8,Does not apply,4733
E07000140,South Holland,1,Student,14343
E07000140,South Holland,2,Not a student,76046
E07000141,South Kesteven,-8,Does not apply,6752
E07000141,South Kesteven,1,Student,24024
E07000141,South Kesteven,2,Not a student,112628
E07000142,West Lindsey,-8,Does not apply,4403
E07000142,West Lindsey,1,Student,15234
E07000142,West Lindsey,2,Not a student,75516
E07000143,Breckland,-8,Does not apply,6785
E07000143,Breckland,1,Student,21323
E07000143,Breckland,2,Not a student,113367
E07000144,Broadland,-8,Does not apply,5936
E07000144,Broadland,1,Student,19936
E07000144,Broadland,2,Not a student,105849
E07000145,Great Yarmouth,-8,Does not apply,4953
E07000145,Great Yarmouth,1,Student,16017
E07000145,Great Yarmouth,2,Not a student,78776
E07000146,King's Lynn and West Norfolk,-8,Does not apply,7259
E07000146,King's Lynn and West Norfolk,1,Student,22925
E07000146,King's Lynn and West Norfolk,2,Not a student,124142
E07000147,North Norfolk,-8,Does not apply,3664
E07000147,North Norfolk,1,Student,13114
E07000147,North Norfolk,2,Not a student,86202
E07000148,Norwich,-8,Does not apply,6931
E07000148,Norwich,1,Student,35161
E07000148,Norwich,2,Not a student,101831
E07000149,South Norfolk,-8,Does not apply,6990
E07000149,South Norfolk,1,Student,23055
E07000149,South Norfolk,2,Not a student,111903
E07000163,Craven,-8,Does not apply,2349
E07000163,Craven,1,Student,8220
E07000163,Craven,2,Not a student,46358
E07000164,Hambleton,-8,Does not apply,3818
E07000164,Hambleton,1,Student,13046
E07000164,Hambleton,2,Not a student,73826
E07000165,Harrogate,-8,Does not apply,7287
E07000165,Harrogate,1,Student,27517
E07000165,Harrogate,2,Not a student,127865
E07000166,Richmondshire,-8,Does not apply,2325
E07000166,Richmondshire,1,Student,7334
E07000166,Richmondshire,2,Not a student,40117
E07000167,Ryedale,-8,Does not apply,2296
E07000167,Ryedale,1,Student,7935
E07000167,Ryedale,2,Not a student,44476
E07000168,Scarborough,-8,Does not apply,4713
E07000168,Scarborough,1,Student,15982
E07000168,Scarborough,2,Not a student,88041
E07000169,Selby,-8,Does not apply,4953
E07000169,Selby,1,Student,14998
E07000169,Selby,2,Not a student,72037
E07000170,Ashfield,-8,Does not apply,6778
E07000170,Ashfield,1,Student,21265
E07000170,Ashfield,2,Not a student,98257
E07000171,Bassetlaw,-8,Does not apply,5967
E07000171,Bassetlaw,1,Student,18630
E07000171,Bassetlaw,2,Not a student,93207
E07000172,Broxtowe,-8,Does not apply,5291
E07000172,Broxtowe,1,Student,20288
E07000172,Broxtowe,2,Not a student,85361
E07000173,Gedling,-8,Does not apply,5981
E07000173,Gedling,1,Student,19613
E07000173,Gedling,2,Not a student,91669
E07000174,Mansfield,-8,Does not apply,5960
E07000174,Mansfield,1,Student,18312
E07000174,Mansfield,2,Not a student,86210
E07000175,Newark and Sherwood,-8,Does not apply,6062
E07000175,Newark and Sherwood,1,Student,20046
E07000175,Newark and Sherwood,2,Not a student,96848
E07000176,Rushcliffe,-8,Does not apply,5851
E07000176,Rushcliffe,1,Student,22864
E07000176,Rushcliffe,2,Not a student,90362
E07000177,Cherwell,-8,Does not apply,9355
E07000177,Cherwell,1,Student,27233
E07000177,Cherwell,2,Not a student,124428
E07000178,Oxford,-8,Does not apply,7137
E07000178,Oxford,1,Student,54356
E07000178,Oxford,2,Not a student,100547
E07000179,South Oxfordshire,-8,Does not apply,7980
E07000179,South Oxfordshire,1,Student,25424
E07000179,South Oxfordshire,2,Not a student,115681
E07000180,Vale of White Horse,-8,Does not apply,7799
E07000180,Vale of White Horse,1,Student,24595
E07000180,Vale of White Horse,2,Not a student,106519
E07000181,West Oxfordshire,-8,Does not apply,5720
E07000181,West Oxfordshire,1,Student,18791
E07000181,West Oxfordshire,2,Not a student,89726
E07000187,Mendip,-8,Does not apply,5460
E07000187,Mendip,1,Student,19389
E07000187,Mendip,2,Not a student,91240
E07000188,Sedgemoor,-8,Does not apply,6000
E07000188,Sedgemoor,1,Student,20113
E07000188,Sedgemoor,2,Not a student,99230
E07000189,South Somerset,-8,Does not apply,8228
E07000189,South Somerset,1,Student,26517
E07000189,South Somerset,2,Not a student,137927
E07000192,Cannock Chase,-8,Does not apply,5566
E07000192,Cannock Chase,1,Student,16158
E07000192,Cannock Chase,2,Not a student,78795
E07000193,East Staffordshire,-8,Does not apply,6966
E07000193,East Staffordshire,1,Student,22002
E07000193,East Staffordshire,2,Not a student,95051
E07000194,Lichfield,-8,Does not apply,5229
E07000194,Lichfield,1,Student,16756
E07000194,Lichfield,2,Not a student,84451
E07000195,Newcastle-under-Lyme,-8,Does not apply,5793
E07000195,Newcastle-under-Lyme,1,Student,23848
E07000195,Newcastle-under-Lyme,2,Not a student,93658
E07000196,South Staffordshire,-8,Does not apply,4921
E07000196,South Staffordshire,1,Student,16212
E07000196,South Staffordshire,2,Not a student,89337
E07000197,Stafford,-8,Does not apply,6718
E07000197,Stafford,1,Student,22041
E07000197,Stafford,2,Not a student,108106
E07000198,Staffordshire Moorlands,-8,Does not apply,4072
E07000198,Staffordshire Moorlands,1,Student,14625
E07000198,Staffordshire Moorlands,2,Not a student,77148
E07000199,Tamworth,-8,Does not apply,4442
E07000199,Tamworth,1,Student,13634
E07000199,Tamworth,2,Not a student,60571
E07000200,Babergh,-8,Does not apply,3972
E07000200,Babergh,1,Student,14487
E07000200,Babergh,2,Not a student,73882
E07000202,Ipswich,-8,Does not apply,8326
E07000202,Ipswich,1,Student,26287
E07000202,Ipswich,2,Not a student,105029
E07000203,Mid Suffolk,-8,Does not apply,4497
E07000203,Mid Suffolk,1,Student,15546
E07000203,Mid Suffolk,2,Not a student,82653
E07000207,Elmbridge,-8,Does not apply,8347
E07000207,Elmbridge,1,Student,27881
E07000207,Elmbridge,2,Not a student,102526
E07000208,Epsom and Ewell,-8,Does not apply,4626
E07000208,Epsom and Ewell,1,Student,16062
E07000208,Epsom and Ewell,2,Not a student,60250
E07000209,Guildford,-8,Does not apply,6684
E07000209,Guildford,1,Student,34130
E07000209,Guildford,2,Not a student,102836
E07000210,Mole Valley,-8,Does not apply,4007
E07000210,Mole Valley,1,Student,14652
E07000210,Mole Valley,2,Not a student,68727
E07000211,Reigate and Banstead,-8,Does not apply,9045
E07000211,Reigate and Banstead,1,Student,27764
E07000211,Reigate and Banstead,2,Not a student,114037
E07000212,Runnymede,-8,Does not apply,4781
E07000212,Runnymede,1,Student,20277
E07000212,Runnymede,2,Not a student,63021
E07000213,Spelthorne,-8,Does not apply,6010
E07000213,Spelthorne,1,Student,17751
E07000213,Spelthorne,2,Not a student,79195
E07000214,Surrey Heath,-8,Does not apply,4478
E07000214,Surrey Heath,1,Student,16069
E07000214,Surrey Heath,2,Not a student,69906
E07000215,Tandridge,-8,Does not apply,4976
E07000215,Tandridge,1,Student,15795
E07000215,Tandridge,2,Not a student,67103
E07000216,Waverley,-8,Does not apply,6466
E07000216,Waverley,1,Student,25391
E07000216,Waverley,2,Not a student,96372
E07000217,Woking,-8,Does not apply,6215
E07000217,Woking,1,Student,19330
E07000217,Woking,2,Not a student,78398
E07000218,North Warwickshire,-8,Does not apply,3206
E07000218,North Warwickshire,1,Student,10348
E07000218,North Warwickshire,2,Not a student,51481
E07000219,Nuneaton and Bedworth,-8,Does not apply,7753
E07000219,Nuneaton and Bedworth,1,Student,23439
E07000219,Nuneaton and Bedworth,2,Not a student,103005
E07000220,Rugby,-8,Does not apply,6368
E07000220,Rugby,1,Student,20961
E07000220,Rugby,2,Not a student,87034
E07000221,Stratford-on-Avon,-8,Does not apply,6245
E07000221,Stratford-on-Avon,1,Student,20722
E07000221,Stratford-on-Avon,2,Not a student,107758
E07000222,Warwick,-8,Does not apply,7438
E07000222,Warwick,1,Student,31116
E07000222,Warwick,2,Not a student,109899
E07000223,Adur,-8,Does not apply,3192
E07000223,Adur,1,Student,10937
E07000223,Adur,2,Not a student,50415
E07000224,Arun,-8,Does not apply,7254
E07000224,Arun,1,Student,24534
E07000224,Arun,2,Not a student,133101
E07000225,Chichester,-8,Does not apply,5309
E07000225,Chichester,1,Student,20789
E07000225,Chichester,2,Not a student,97968
E07000226,Crawley,-8,Does not apply,7639
E07000226,Crawley,1,Student,22790
E07000226,Crawley,2,Not a student,88064
E07000227,Horsham,-8,Does not apply,7368
E07000227,Horsham,1,Student,24503
E07000227,Horsham,2,Not a student,114907
E07000228,Mid Sussex,-8,Does not apply,8315
E07000228,Mid Sussex,1,Student,27018
E07000228,Mid Sussex,2,Not a student,117233
E07000229,Worthing,-8,Does not apply,5448
E07000229,Worthing,1,Student,18058
E07000229,Worthing,2,Not a student,87832
E07000234,Bromsgrove,-8,Does not apply,5158
E07000234,Bromsgrove,1,Student,17145
E07000234,Bromsgrove,2,Not a student,76880
E07000235,Malvern Hills,-8,Does not apply,3114
E07000235,Malvern Hills,1,Student,12553
E07000235,Malvern Hills,2,Not a student,63819
E07000236,Redditch,-8,Does not apply,4992
E07000236,Redditch,1,Student,15242
E07000236,Redditch,2,Not a student,66802
E07000237,Worcester,-8,Does not apply,5281
E07000237,Worcester,1,Student,20328
E07000237,Worcester,2,Not a student,78265
E07000238,Wychavon,-8,Does not apply,6252
E07000238,Wychavon,1,Student,20339
E07000238,Wychavon,2,Not a student,105899
E07000239,Wyre Forest,-8,Does not apply,4807
E07000239,Wyre Forest,1,Student,16037
E07000239,Wyre Forest,2,Not a student,80763
E07000240,St Albans,-8,Does not apply,8659
E07000240,St Albans,1,Student,30534
E07000240,St Albans,2,Not a student,108974
E07000241,Welwyn Hatfield,-8,Does not apply,6626
E07000241,Welwyn Hatfield,1,Student,29171
E07000241,Welwyn Hatfield,2,Not a student,84039
E07000242,East Hertfordshire,-8,Does not apply,8316
E07000242,East Hertfordshire,1,Student,27050
E07000242,East Hertfordshire,2,Not a student,114792
E07000243,Stevenage,-8,Does not apply,5618
E07000243,Stevenage,1,Student,16523
E07000243,Stevenage,2,Not a student,67354
E07000244,East Suffolk,-8,Does not apply,10634
E07000244,East Suffolk,1,Student,37529
E07000244,East Suffolk,2,Not a student,197895
E07000245,West Suffolk,-8,Does not apply,9829
E07000245,West Suffolk,1,Student,28527
E07000245,West Suffolk,2,Not a student,141592
E07000246,Somerset West and Taunton,-8,Does not apply,7362
E07000246,Somerset West and Taunton,1,Student,24579
E07000246,Somerset West and Taunton,2,Not a student,125504
E08000001,Bolton,-8,Does not apply,18458
E08000001,Bolton,1,Student,62169
E08000001,Bolton,2,Not a student,215336
E08000002,Bury,-8,Does not apply,11159
E08000002,Bury,1,Student,37629
E08000002,Bury,2,Not a student,145063
E08000003,Manchester,-8,Does not apply,34378
E08000003,Manchester,1,Student,156241
E08000003,Manchester,2,Not a student,361319
E08000004,Oldham,-8,Does not apply,16005
E08000004,Oldham,1,Student,53952
E08000004,Oldham,2,Not a student,172131
E08000005,Rochdale,-8,Does not apply,14639
E08000005,Rochdale,1,Student,46508
E08000005,Rochdale,2,Not a student,162626
E08000006,Salford,-8,Does not apply,17257
E08000006,Salford,1,Student,56815
E08000006,Salford,2,Not a student,195851
E08000007,Stockport,-8,Does not apply,16575
E08000007,Stockport,1,Student,51652
E08000007,Stockport,2,Not a student,226546
E08000008,Tameside,-8,Does not apply,13666
E08000008,Tameside,1,Student,42719
E08000008,Tameside,2,Not a student,174686
E08000009,Trafford,-8,Does not apply,13466
E08000009,Trafford,1,Student,47421
E08000009,Trafford,2,Not a student,174165
E08000010,Wigan,-8,Does not apply,17782
E08000010,Wigan,1,Student,56786
E08000010,Wigan,2,Not a student,254762
E08000011,Knowsley,-8,Does not apply,9735
E08000011,Knowsley,1,Student,27501
E08000011,Knowsley,2,Not a student,117283
E08000012,Liverpool,-8,Does not apply,26372
E08000012,Liverpool,1,Student,116175
E08000012,Liverpool,2,Not a student,343541
E08000013,St. Helens,-8,Does not apply,9659
E08000013,St. Helens,1,Student,30578
E08000013,St. Helens,2,Not a student,143011
E08000014,Sefton,-8,Does not apply,13508
E08000014,Sefton,1,Student,45894
E08000014,Sefton,2,Not a student,219831
E08000015,Wirral,-8,Does not apply,16316
E08000015,Wirral,1,Student,56342
E08000015,Wirral,2,Not a student,247541
E08000016,Barnsley,-8,Does not apply,13463
E08000016,Barnsley,1,Student,40541
E08000016,Barnsley,2,Not a student,190568
E08000017,Doncaster,-8,Does not apply,16942
E08000017,Doncaster,1,Student,52064
E08000017,Doncaster,2,Not a student,239100
E08000018,Rotherham,-8,Does not apply,14645
E08000018,Rotherham,1,Student,46766
E08000018,Rotherham,2,Not a student,204396
E08000019,Sheffield,-8,Does not apply,30179
E08000019,Sheffield,1,Student,131048
E08000019,Sheffield,2,Not a student,395294
E08000021,Newcastle upon Tyne,-8,Does not apply,15651
E08000021,Newcastle upon Tyne,1,Student,82809
E08000021,Newcastle upon Tyne,2,Not a student,201665
E08000022,North Tyneside,-8,Does not apply,10991
E08000022,North Tyneside,1,Student,35069
E08000022,North Tyneside,2,Not a student,162907
E08000023,South Tyneside,-8,Does not apply,7823
E08000023,South Tyneside,1,Student,25400
E08000023,South Tyneside,2,Not a student,114552
E08000024,Sunderland,-8,Does not apply,13849
E08000024,Sunderland,1,Student,48863
E08000024,Sunderland,2,Not a student,211460
E08000025,Birmingham,-8,Does not apply,75023
E08000025,Birmingham,1,Student,295947
E08000025,Birmingham,2,Not a student,773949
E08000026,Coventry,-8,Does not apply,20442
E08000026,Coventry,1,Student,89083
E08000026,Coventry,2,Not a student,235799
E08000027,Dudley,-8,Does not apply,18176
E08000027,Dudley,1,Student,57583
E08000027,Dudley,2,Not a student,247729
E08000028,Sandwell,-8,Does not apply,22176
E08000028,Sandwell,1,Student,75641
E08000028,Sandwell,2,Not a student,244015
E08000029,Solihull,-8,Does not apply,11693
E08000029,Solihull,1,Student,39940
E08000029,Solihull,2,Not a student,164606
E08000030,Walsall,-8,Does not apply,18193
E08000030,Walsall,1,Student,58781
E08000030,Walsall,2,Not a student,207150
E08000031,Wolverhampton,-8,Does not apply,16325
E08000031,Wolverhampton,1,Student,55885
E08000031,Wolverhampton,2,Not a student,191517
E08000032,Bradford,-8,Does not apply,36096
E08000032,Bradford,1,Student,124422
E08000032,Bradford,2,Not a student,385893
E08000033,Calderdale,-8,Does not apply,11317
E08000033,Calderdale,1,Student,38160
E08000033,Calderdale,2,Not a student,157154
E08000034,Kirklees,-8,Does not apply,25144
E08000034,Kirklees,1,Student,89081
E08000034,Kirklees,2,Not a student,318991
E08000035,Leeds,-8,Does not apply,46800
E08000035,Leeds,1,Student,184538
E08000035,Leeds,2,Not a student,580616
E08000036,Wakefield,-8,Does not apply,20074
E08000036,Wakefield,1,Student,59040
E08000036,Wakefield,2,Not a student,274256
E08000037,Gateshead,-8,Does not apply,10053
E08000037,Gateshead,1,Student,33981
E08000037,Gateshead,2,Not a student,152116
E09000001,City of London,-8,Does not apply,213
E09000001,City of London,1,Student,1163
E09000001,City of London,2,Not a student,7206
E09000002,Barking and Dagenham,-8,Does not apply,17251
E09000002,Barking and Dagenham,1,Student,57545
E09000002,Barking and Dagenham,2,Not a student,144072
E09000003,Barnet,-8,Does not apply,24106
E09000003,Barnet,1,Student,83439
E09000003,Barnet,2,Not a student,281799
E09000004,Bexley,-8,Does not apply,15031
E09000004,Bexley,1,Student,49270
E09000004,Bexley,2,Not a student,182171
E09000005,Brent,-8,Does not apply,19970
E09000005,Brent,1,Student,74097
E09000005,Brent,2,Not a student,245749
E09000006,Bromley,-8,Does not apply,19491
E09000006,Bromley,1,Student,60771
E09000006,Bromley,2,Not a student,249729
E09000007,Camden,-8,Does not apply,10032
E09000007,Camden,1,Student,49200
E09000007,Camden,2,Not a student,150904
E09000008,Croydon,-8,Does not apply,25171
E09000008,Croydon,1,Student,79478
E09000008,Croydon,2,Not a student,286070
E09000009,Ealing,-8,Does not apply,21515
E09000009,Ealing,1,Student,78326
E09000009,Ealing,2,Not a student,267274
E09000010,Enfield,-8,Does not apply,21259
E09000010,Enfield,1,Student,74646
E09000010,Enfield,2,Not a student,234079
E09000011,Greenwich,-8,Does not apply,19027
E09000011,Greenwich,1,Student,61184
E09000011,Greenwich,2,Not a student,208857
E09000012,Hackney,-8,Does not apply,16135
E09000012,Hackney,1,Student,53319
E09000012,Hackney,2,Not a student,189692
E09000013,Hammersmith and Fulham,-8,Does not apply,9075
E09000013,Hammersmith and Fulham,1,Student,35938
E09000013,Hammersmith and Fulham,2,Not a student,138144
E09000014,Haringey,-8,Does not apply,14932
E09000014,Haringey,1,Student,52707
E09000014,Haringey,2,Not a student,196599
E09000015,Harrow,-8,Does not apply,15699
E09000015,Harrow,1,Student,54520
E09000015,Harrow,2,Not a student,190983
E09000016,Havering,-8,Does not apply,16491
E09000016,Havering,1,Student,48843
E09000016,Havering,2,Not a student,196718
E09000017,Hillingdon,-8,Does not apply,19881
E09000017,Hillingdon,1,Student,67281
E09000017,Hillingdon,2,Not a student,218747
E09000018,Hounslow,-8,Does not apply,18221
E09000018,Hounslow,1,Student,60510
E09000018,Hounslow,2,Not a student,209450
E09000019,Islington,-8,Does not apply,11211
E09000019,Islington,1,Student,42097
E09000019,Islington,2,Not a student,163281
E09000020,Kensington and Chelsea,-8,Does not apply,6171
E09000020,Kensington and Chelsea,1,Student,27957
E09000020,Kensington and Chelsea,2,Not a student,109247
E09000021,Kingston upon Thames,-8,Does not apply,9559
E09000021,Kingston upon Thames,1,Student,36481
E09000021,Kingston upon Thames,2,Not a student,122023
E09000022,Lambeth,-8,Does not apply,15265
E09000022,Lambeth,1,Student,56936
E09000022,Lambeth,2,Not a student,245453
E09000023,Lewisham,-8,Does not apply,19127
E09000023,Lewisham,1,Student,60841
E09000023,Lewisham,2,Not a student,220585
E09000024,Merton,-8,Does not apply,13532
E09000024,Merton,1,Student,41350
E09000024,Merton,2,Not a student,160305
E09000025,Newham,-8,Does not apply,23854
E09000025,Newham,1,Student,85833
E09000025,Newham,2,Not a student,241347
E09000026,Redbridge,-8,Does not apply,21194
E09000026,Redbridge,1,Student,71082
E09000026,Redbridge,2,Not a student,217984
E09000027,Richmond upon Thames,-8,Does not apply,11103
E09000027,Richmond upon Thames,1,Student,39352
E09000027,Richmond upon Thames,2,Not a student,144824
E09000028,Southwark,-8,Does not apply,16362
E09000028,Southwark,1,Student,64309
E09000028,Southwark,2,Not a student,226966
E09000029,Sutton,-8,Does not apply,12796
E09000029,Sutton,1,Student,41794
E09000029,Sutton,2,Not a student,155049
E09000030,Tower Hamlets,-8,Does not apply,19090
E09000030,Tower Hamlets,1,Student,71270
E09000030,Tower Hamlets,2,Not a student,219946
E09000031,Waltham Forest,-8,Does not apply,18985
E09000031,Waltham Forest,1,Student,56165
E09000031,Waltham Forest,2,Not a student,203276
E09000032,Wandsworth,-8,Does not apply,18704
E09000032,Wandsworth,1,Student,56176
E09000032,Wandsworth,2,Not a student,252626
E09000033,Westminster,-8,Does not apply,8502
E09000033,Westminster,1,Student,41184
E09000033,Westminster,2,Not a student,154550
W06000001,Isle of Anglesey,-8,Does not apply,3211
W06000001,Isle of Anglesey,1,Student,11540
W06000001,Isle of Anglesey,2,Not a student,54127
W06000002,Gwynedd,-8,Does not apply,5348
W06000002,Gwynedd,1,Student,23962
W06000002,Gwynedd,2,Not a student,88083
W06000003,Conwy,-8,Does not apply,5030
W06000003,Conwy,1,Student,18226
W06000003,Conwy,2,Not a student,91485
W06000004,Denbighshire,-8,Does not apply,4769
W06000004,Denbighshire,1,Student,16394
W06000004,Denbighshire,2,Not a student,74654
W06000005,Flintshire,-8,Does not apply,7626
W06000005,Flintshire,1,Student,26331
W06000005,Flintshire,2,Not a student,121005
W06000006,Wrexham,-8,Does not apply,6998
W06000006,Wrexham,1,Student,24704
W06000006,Wrexham,2,Not a student,103415
W06000008,Ceredigion,-8,Does not apply,2709
W06000008,Ceredigion,1,Student,15480
W06000008,Ceredigion,2,Not a student,53286
W06000009,Pembrokeshire,-8,Does not apply,5583
W06000009,Pembrokeshire,1,Student,19834
W06000009,Pembrokeshire,2,Not a student,97943
W06000010,Carmarthenshire,-8,Does not apply,9057
W06000010,Carmarthenshire,1,Student,31974
W06000010,Carmarthenshire,2,Not a student,146866
W06000011,Swansea,-8,Does not apply,11427
W06000011,Swansea,1,Student,51845
W06000011,Swansea,2,Not a student,175218
W06000012,Neath Port Talbot,-8,Does not apply,7045
W06000012,Neath Port Talbot,1,Student,26187
W06000012,Neath Port Talbot,2,Not a student,109057
W06000013,Bridgend,-8,Does not apply,7343
W06000013,Bridgend,1,Student,24957
W06000013,Bridgend,2,Not a student,113188
W06000014,Vale of Glamorgan,-8,Does not apply,6851
W06000014,Vale of Glamorgan,1,Student,23694
W06000014,Vale of Glamorgan,2,Not a student,101394
W06000015,Cardiff,-8,Does not apply,19069
W06000015,Cardiff,1,Student,94734
W06000015,Cardiff,2,Not a student,248505
W06000016,Rhondda Cynon Taf,-8,Does not apply,12531
W06000016,Rhondda Cynon Taf,1,Student,44578
W06000016,Rhondda Cynon Taf,2,Not a student,180539
W06000018,Caerphilly,-8,Does not apply,9216
W06000018,Caerphilly,1,Student,31122
W06000018,Caerphilly,2,Not a student,135612
W06000019,Blaenau Gwent,-8,Does not apply,3543
W06000019,Blaenau Gwent,1,Student,10967
W06000019,Blaenau Gwent,2,Not a student,52394
W06000020,Torfaen,-8,Does not apply,5002
W06000020,Torfaen,1,Student,15972
W06000020,Torfaen,2,Not a student,71303
W06000021,Monmouthshire,-8,Does not apply,3962
W06000021,Monmouthshire,1,Student,14419
W06000021,Monmouthshire,2,Not a student,74576
W06000022,Newport,-8,Does not apply,9733
W06000022,Newport,1,Student,30401
W06000022,Newport,2,Not a student,119458
W06000023,Powys,-8,Does not apply,5731
W06000023,Powys,1,Student,19699
W06000023,Powys,2,Not a student,107739
W06000024,Merthyr Tydfil,-8,Does not apply,3301
W06000024,Merthyr Tydfil,1,Student,10568
W06000024,Merthyr Tydfil,2,Not a student,44971
